place_name,city,address,lat,lon,tags,category
فول ابو ادم,Cairo,"60 El Mashroua St., Ain shams el gharbeya, Cairo",29.9822807,30.9783926,"restaurant, fast_food, local",food_drink
Welcome Pizza,New Cairo,Extension of 90th Street - New Cairo - In front of the American University - next to Americana Plaza Mall,29.9818552,31.143412,"restaurant, fast_food, popular, takeaway, family_friendly",food_drink
Coffee Island,Nasr City,"157 26th of July Corridor, Mohammed Mazhar, Zamalek",29.9724649,31.1197791,"cafe, bakery, delivery, takeaway, popular",food_drink
Royal Lotus,Giza,"4 Rawadat El Ahram St., Al Remaya, Al Haram, Giza",29.990492,31.1303665,"family_friendly, popular, local",food_drink
Abdel Rahim Kpueider,Giza,"Extension Of 26Th Of July Spine, Inside Americana Plaza 6th OF OCTOBER, GIZA",29.9723784,31.1200654,"bakery, cafe, juice, quiet, outdoor_seating",food_drink
Abo Emad,Giza,"100 A Faisal St.,Beside Adam & Radwan Sons Markets FAISAL, GIZA",29.9781365,31.1444205,"restaurant, family_friendly, popular",food_drink
Smile Restauran & Cafe,Alexandria,Boulak El Dakrour,29.9817501,31.1434043,"cafe, cozy, family_friendly, outdoor_seating",food_drink
Art Space,Cairo,"Garden City, Cairo, Egypt",30.0497166,31.2414572,"cozy, popular, local, quiet",food_drink
Giza Lounge,Giza,"Mena House Hotel, Giza",30.0094273,31.2077439,"restaurant, family_friendly, touristic",food_drink
5 stars,Zagazig,"Sharkia Governorate - Zagazig - University Villas - Omar Ibn Al Kattab Street, Zagazig",30.010107,31.2075559,"luxury, restaurant, popular",food_drink
Streeks,Cairo,"Nasr City, Masr El Gedida, Al Haram, Cairo, Egypt",30.0625188,31.3455042,"restaurant, fast_food, takeaway",food_drink
Fizze,Nasr City,"Nasr City, Egypt",30.0624643,31.3454546,"juice, cafe, restaurant",food_drink
Viola,Cairo,,30.0610708,31.3494209,"popular, local, touristic",food_drink
TAIYAKI,New Cairo,"Inside Arkan Plaza Mall 6th OF OCTOBER, GIZA",30.0611144,31.349372,"bakery, cafe, takeaway",food_drink
Crazy Shake ‘n Cake,Nasr City,"Ahmed Fakhry St., Nasr City, Cairo, Egypt",30.0610842,31.3494538,"family_friendly, delivery, cafe, restaurant",food_drink
Yamatako,Cairo,"Al Azhar Park, Shari‘ Salah Salem, Cairo, Egypt",30.0617034,31.2233688,"restaurant, popular, local",food_drink
Fishfor,Cairo,Various Locations,29.9723299,30.9409789,"fast_food, restaurant, local",food_drink
kmt house,Maadi,"Street 15 Kmt house, Villa 73, El Maadi, Cairo 11728 Egypt",29.9626575,31.2632214,"cozy, local, popular",relaxation
genco speciality coffee,Maadi,"X76F+H7X, Maadi as Sarayat Al Gharbeyah, Maadi, Cairo Governorate 4213041, Egypt",29.9603809,31.2719997,"cafe, cozy, family_friendly",food_drink
huff board game cafe,Maadi,"Degla, Maadi Cairo | Gamal Salem st., Mohandessin",29.9574152,31.2763755,"cafe, family_friendly, cozy, popular",food_drink
villa sumatra,Maadi,,29.9584897,31.2709859,"cafe, cozy, outdoor_seating",food_drink
Al dahan,Cairo,38 League of Arab States Street,29.9688524,31.2779041,"restaurant, family_friendly, takeaway, delivery, local",food_drink
Fudruckers,Cairo,"10 Rd. 263, In Front Of Satellite MAADI, CAIRO Omar Ibn El Khattab St., Inside Citystars, Phase 1, Ground Floor NASR CITY, CAIRO",29.9699762,31.2768121,"fast_food, restaurant, takeaway, delivery",food_drink
What the crust,Cairo,"No. 10 Street 275 Mokarrar, New Maadi, Cairo",29.9698802,31.2751381,"restaurant, family_friendly, kid_friendly, cozy",food_drink
Monyat Cafe,Cairo,55 Union Street,30.096974,31.3171875,"cozy, family_friendly, budget",food_drink
شواية الميرلاند,Cairo,"Al Azhar Park, Shari‘ Salah Salem, Cairo, Egypt",30.0969461,31.3171251,"restaurant, luxury, popular",food_drink
ع الباب,Cairo,"Al Azhar Park, Shari‘ Salah Salem, Cairo, Egypt",30.0958334,31.3161709,"restaurant, luxury, popular",food_drink
Perfect Cup,Cairo,"21,Hanna Khalil St.,Kolaly - Shoubra (Cairo)",30.0967396,31.3167912,"local, popular, cozy, budget",other
Musetti Caffé,New Cairo,"30.0893343, 31.3471645",30.0893343,31.3471645,"cafe, cozy, family_friendly, local, popular",food_drink
Quva Cafe,Cairo,,30.0898756,31.3472954,"cafe, delivery, family_friendly, cozy",food_drink
Elders Cafe,Giza,"26th Of July Spine, El Sheikh Zayed, 6th of october, Giza",30.0898523,31.3472951,"cafe, takeaway, popular",food_drink
كشري بيبو,Giza,"X4MR+MWX، عمر بن الخطاب، نزلة السمان، الهرم، الجيزة، Giza, Giza Governorate, Egypt",29.9706951,31.1457155,"restaurant, fast_food, takeaway",food_drink
Karm elsham,Cairo,"Cairo, Egypt",30.0548408,31.2034818,"restaurant, delivery, popular",food_drink
Vasko,Cairo,"Omar Ibn El Khattab St., Inside Gate Way Mall, Al Rehab City, Cairo",30.0372843,31.2342369,"bakery, cafe, cozy",food_drink
Khan el Khalifi Restaurant,Cairo,"5 ش Sekat Al Badstan, Khan el-Khalili, El Gamaliya, Cairo Governorate, Egypt",30.0480581,31.261627,"restaurant, touristic, historical_site, luxury",food_drink
Tablya Balady,Cairo,8 شارع عبد المجيد الدراملى,30.0427622,31.240398,"restaurant, local, quiet, popular",food_drink
بيتزا العمدة,Cairo,"El Omda, Cairo, Egypt",30.0007222,31.1466804,"restaurant, delivery, popular",food_drink
What The Crust,Maadi,"No. 10 Street 275 Mokarrar, New Maadi, Cairo",29.9938169,31.0431726,"restaurant, family_friendly, kid_friendly, cozy",food_drink
EUGÉNIE CAFE,Cairo,"26V8+HVC,Ismail Aboul Fotouh， Street, Ad Doqi A, Egypt",30.0484685,31.2347724,"restaurant, outdoor_seating, local",food_drink
سوق السمك المنيب,New Cairo,"New Cairo, Egypt",29.989651,31.2091029,"restaurant, delivery, budget, local",food_drink
Tabali Korba,Cairo,"18 Nazih Khalifa st, In Front of Ahram Metro Station, El Korba",30.0912005,31.3264727,"restaurant, budget, family_friendly, delivery, bakery",food_drink
Tabali Zamalek,Cairo,"18 Nazih Khalifa St., In Front Of El Ahram Metro Station, Helipolis, CAIRO",30.0609143,31.2205773,"restaurant, delivery, local, family_friendly",food_drink
Tabali Arkan,Sheikh Zayed City,"Arkan Mall 2, Sky Walk, 2nd Floor, Shop 112",30.0191547,31.0055804,"restaurant, delivery, popular",food_drink
Tabali Mall Of Arabia,6th of October City,"Mall of Arabia Gate 9, The Park, Next to Mori Sushi",30.0078133,30.9774684,"restaurant, delivery, popular",food_drink
Tabali Smart Village,6th of October City,"Smart Village, Inside Linx Business Park 6th of October, Giza, Egypt",30.0799957,31.0160743,"restaurant, takeaway, delivery",food_drink
Tabali New Giza,6th of October City,"El Ain El Sokhna Rd., Inside District 5 EL KATAMEYA, CAIRO",30.0069326,31.0648313,"restaurant, delivery, family_friendly",other
Kansas Fried Chicken,6th of October City,"6th Of October, Cairo",30.0052581,30.9726407,"fast_food, takeaway, delivery, restaurant",other
Kansas Fried Chicken,6th of October city,"Food Court 6th OF OCTOBER, GIZA",29.9942413,30.9496496,"fast_food, family_friendly, popular",food_drink
Volo‘s Café,Giza,"مجمع مطاعم ريفير هاب، 74 Abdulaziz Al Saud, Al Manyal Al Gharbi, Old Cairo, Cairo Governorate 11553, Egypt.",30.0182425,31.2223891,"cozy, touristic, local",food_drink
Zööba,Giza,"The Grand Egyptian Museum, Giza, Egypt",29.9944152,31.1190272,"restaurant, touristic, historical_site",food_drink
Fatatri At Tahrir,Cairo,Just off Tahrir Square,30.0443809,31.2374168,"budget, local, takeaway",food_drink
Nile City Boat,Cairo,"Saray El Gezira Street, Zamalek, Cairo, Egypt",30.0482503,31.2284338,"restaurant, cozy, romantic, touristic",food_drink
Laialy Zaman Cafe,New Cairo,,30.0531393,30.9883057,"cozy, family_friendly, local, cafe",food_drink
Al-Basha,6th of October City,"Saad Bin Abada Street, 6th Of October City, 3232476, EG - MapQuest",30.0518318,31.2277762,"restaurant, family_friendly, local, budget",food_drink
Nile Maxime,Cairo,,30.0569,31.2263034,"luxury, touristic, family_friendly",activities
Reda Macaroni,Cairo,"Bab El Louk, Cairo, Egypt",30.0435906,31.2397494,"restaurant, takeaway, delivery, family_friendly, budget",food_drink
Fasahat Somaya,Cairo,"59 Al Falki, Bab Al Louq, Cairo",30.0457495,31.239484,"cozy, family_friendly, local, restaurant",food_drink
Kazaz,Cairo,"7 Al Bostan Al Seidi, Bab Al Louq, Abdeen, Cairo Governorate 4280124, Egypt",30.0470866,31.2392351,"restaurant, fast_food, local",food_drink
Opera Cafe,Cairo,"26V8+HVC,Ismail Aboul Fotouh، Street, Ad Doqi A, Egypt",30.0436095,31.2225346,"cafe, restaurant, outdoor_seating, local",food_drink
Lakeside Restaurant,Cairo,"Al-Azhar Park, Cairo, Egypt",30.0383337,31.2629963,"cozy, family_friendly, outdoor_seating, touristic",food_drink
Rendez vous,Alexandria,"Alexandria, Egypt",29.9663774,30.93322,"cafe, cozy, luxury",food_drink
بكينج Peking,Cairo,"Mohandessin, 26 El Atteba St., Cairo, Egypt",29.9726085,31.2720699,"restaurant, luxury, family_friendly",food_drink
Restaurants Area,6th of October City,"6th of October, Giza",30.0055237,30.9721729,"restaurant, cafe, outdoor_seating, popular",food_drink
man' oucheh,Cairo,"Talaat Mostafa St. Phase 3,Inside Rehab Mall 2, Ground Floor, Shop 14 AL REHAB CITY, CAIRO  El Nady District, Inside Heliopolis Club EL SHEROUK CITY, CAIRO",29.9540958,31.2631005,"restaurant, family_friendly, cozy",food_drink
McDonald's,Nasr City,"Inside Citystars Mall, Phase 1, 6th Floor, Food Court, NASR CITY, CAIRO",29.9544757,31.2627558,"fast_food, takeaway, family_friendly, popular",other
zed,Sheikh Zayed,"Green Residence compound, E1 ground floor apartment (behind el gezira compound & Hadaek al mohandessin compound), Sheikh Zayed, Egypt",30.0257409,31.2118423,"local, cozy, budget",other
Sea Gull,El Quseir,"Sirena Beach El Quadim Bay, 84712, El Quseir, Egypt",30.0445975,31.2193038,"luxury, fine_dining, cozy, outdoor_seating",food_drink
Roucha & Kandahar,Alexandria,"Alexandria Governorate, Egypt",30.0598395,31.2084533,"restaurant, local, family_friendly",other
VIOLA ROOFTOP,جيزه,"135 Al Nile, st, Al Giza, Giza Governorate 12513, Egypt",30.0250429,31.2184076,"restaurant, cafe, outdoor_seating, family_friendly, cozy",food_drink
Imperial Boat,Cairo,"19 Saray El Gezira St, inside Imperial Boat, Zamalek, Cairo, Egypt",30.0531123,31.2273762,"restaurant, delivery, popular",other
Zeera Cafe,Cairo,"23, Road 205, Degla, Maadi, Cairo, Egypt",29.9662241,31.2686009,"restaurant, cafe, cozy",other
Costa,Cairo,"ADDRESS  Maadi City Center - Carrefour,, Maadi Ring Road,, Cairo, Maadi Directions",29.9656254,31.2696296,"cafe, restaurant, cozy",other
Beano's,Cairo,"Km 6,Inside City Centre Alexandria ALEX. CAIRO DESERT RD., ALEXANDRIA  49 Mohamed Mahmoud St. DOWNTOWN, CAIRO  El Ain El Sokhna Rd.,Inside District 5 Mall EL KATAMEYA, CAIRO  Villa 18 Rd. 210 MAADI, CAIRO  Rd. 10 MAADI, CAIRO  Madinaty Rd., Intersection Of El Rabea Rd.,Inside Madinaty Central Park Madinty, CAIRO  94 Makram Ebaid St. NASR CITY, CAIRO  El Tesaeen El Ganouby St. NEW CAIRO, CAIRO  Ring Rd.,Inside U Venues Mall NEW CAIRO, CAIRO  8, El Sheikh El Marsafy Sq. ZAMALEK, CAIRO  , Juhaina Sq.,Inside Mall Of Arabia 6th OF OCTOBER, GIZA  , Sodic West, Beverly Hills,Inside West Square Mall 6th OF OCTOBER, GIZA  , Central Spine, Zayed 2000,Beside Seoudi Supermarket 6th OF OCTOBER, GIZA  Km 28 Cairo Alex Desert Rd.,Smart Village, Inside Vodafone Egypt ABOU RAWASH, GIZA  Km 28,Inside WOC - Walk Of Cairo CAIRO ALEX DESERT RD., GIZA  Km 28,Inside Dandy Mega Mall CAIRO ALEX DESERT RD., GIZA  14 Mossadak St. DOKKI, GIZA",30.0574116,31.2227163,"cozy, luxury, cafe",other
Koshary Abou Tarek,Cairo,"16 Marouf, Qasr El Nil, Cairo Governorate 4272135 Egypt",30.0502503,31.2377312,"restaurant, budget, popular, local",other
بطاطس اند زلابيا,Cairo,"Fifth Settlement, Carnival Mall, 53rd Street, next to El Mahlawy Market",30.0503615,31.2378984,"restaurant, fast_food, delivery, popular, family_friendly",other
koshari Tahrir,Cairo,"Chillout, El Bahr St., in Front of Governorate and beside Faculty of Education  El Geish Street (El Bahr ), El Helw St.",30.0502685,31.2405917,"restaurant, fast_food, popular, local",other
Carlton Roof Garden,Cairo,"Carlton Hotel, Cairo, Egypt",30.0532372,31.2408655,"cozy, outdoor_seating, romantic, popular, local",other
Le Grillon,Cairo,"8 Kasr Al Nile Beside Egyptian Museum & Steigenberger Hotel, El Tahrir, Cairo Governorate, Egypt",30.0473909,31.2370943,"restaurant, cafe, outdoor_seating, luxury, local",other
Studio Café,Cairo,"62 road 13, Maadi, Cairo, Egypt",30.0465015,31.239311,"cafe, cozy, family_friendly, local",culture
Al Gomhouriya,Cairo,,30.0455797,31.2398421,"local, popular, touristic",other
CaiRoma,Cairo,"19 Youssef El-Gendy, Bab Al Louq, Abdeen, Egypt",30.0458151,31.2393243,"restaurant, cozy, family_friendly, local",other
Baba Abdou,Cairo,"Bab El Sharia, Cairo, Egypt",30.0488093,31.2403615,"fast_food, local, restaurant",other
Empress Show Lounge,Cairo,,30.0580939,31.2251283,"restaurant, cozy, local",entertainment
McDonald's,Cairo,Al Sayed Al Marghany Street 110,30.0528291,31.2231839,"fast_food, delivery, popular, restaurant",other
Abu Khaled,Giza,"Central Spine, El Hosary Sq.,Inside El Amerikeya Center, Bldg. 1 6th OF OCTOBER, GIZA",30.0494386,31.2374582,"restaurant, delivery, popular",other
omkalsoum cafe,Cairo,"Cairo, Egypt",30.0532795,31.2431901,"cozy, romantic, family_friendly",food_drink
Sudan Restaurant,Cairo,"Mustafa Kamel Street, off Street 9 - Al Maady - Close to Maadi Educational Administration",30.0509148,31.2457919,"restaurant, popular, local",other
Crafted Home كرافتيد هوم,Cairo,"Cairo, Egypt",30.0510204,31.242725,"cafe, cozy, family_friendly",other
Citadel View Restaurant,Cairo,"Al Azhar Park, Cairo, Egypt",30.0423978,31.2661102,"restaurant, touristic, cozy",other
مشروع شارع مصر,Minya,"Corniche El Nile, entrance of Damietta, Minya, Egypt",29.9570742,30.9163649,"family_friendly, kid_friendly, outdoor_seating, local",outdoor
Atlantis,Cairo,"Abdulaziz Al Saud, Al Manyal Al Gharbi, Old Cairo, Cairo, Egypt",30.0189479,31.2224651,"restaurant, cafe, touristic",other
Snow Cafe,Dammam,"18th Street, As Salam, Dammam 32416, Saudi Arabia",30.0634145,31.2124048,"cozy, cafe, popular",other
Zööba,Cairo,July 26 Street Zamalek in front of Zamalek Theater,30.0610061,31.2192828,"restaurant, budget, cozy, local",other
Hotmix,Cairo,"Cairo, Egypt",29.8476388,31.2746778,"restaurant, fast_food, budget, takeaway",other
9 Pyramids Lounge,Giza,"Nazlet El-Semman, Al Haram, Giza Governorate 3512201, Egypt",29.9677542,31.1319077,"restaurant, cozy, touristic",other
Street 306,Cairo,Street 306,30.0456759,31.2110439,"local, touristic, cozy",other
Aspero Restaurant,Giza,"133 Nile St, Giza, Egypt",30.0261117,31.2181653,"restaurant, cozy, touristic, local",other
Sabai Sabai,Cairo,"1 El Masry Towers El Gezirah El Wosta St.,Inside Commercial Market, 2nd Floor ZAMALEK, CAIRO",30.0623335,31.2240513,"restaurant, delivery, takeaway",other
Cinnabon,Cairo,"El Nasr Rd., Intersection Of Cairo Suez Rd., Inside City Centre Almaza, 1st Floor, Food Court",30.0496431,31.2426246,"bakery, cafe, takeaway, popular",other
El Mamlaka Cafe,Cairo,"Cairo, Cairo,   Egypt",30.0563236,31.2052433,"cafe, cozy, popular",other
McDonald's,القاهرة,"CAIRO  Ring Rd., El Mearag City,Inside Maadi City Centre, Gate 3, Food Court MAADI",30.0558359,31.1961635,"restaurant, fast_food, takeaway, budget",other
Bon Appétit,Cairo,"Plot 124 El Bonouk St., Sector 1, City Center,Inside First Mall 124, Ground Floor NEW CAIRO",30.0574759,31.2014474,"restaurant, fast_food, delivery, family_friendly",other
Cuffichino,Cairo,"Cairo, Egypt",30.0643559,31.2802153,"cafe, family_friendly, local, cozy",other
Zaatar w Zeit,Cairo,"15225 White by the Waterway, CFC, West Mark, Sheikh Zayed, Sodic Westown Hub, Sheikh Zayed.",30.0078693,30.9911454,"restaurant, fast_food, juice",other
Starbucks,Cairo,"Nehro Street, Cairo, Egypt",30.0081495,30.9923564,"cafe, cozy, popular",other
Hameed,Cairo,,30.0080581,30.9920561,"restaurant, family_friendly, popular, local",other
Hameed,Cairo,Egypt,30.0079082,30.9914529,"restaurant, popular, local",other
Cavallo,Cairo,"Cairo, Egypt",30.0607636,31.345845,"restaurant, local, budget",other
Miso Sushi,Cairo,"Maadi - Street 9, Maadi Station, next to Misr El Kheir Foundation and Cilantro Cafe",30.0607673,31.346247,"restaurant, takeaway, delivery, local",other
SOY WOK,Cairo,"Smouha, Hatem Mosque st., Commercial Market",30.0607502,31.3463114,"restaurant, takeaway, delivery, popular",other
Just smash,Cairo,"كوپري حسب الله الكفراوي بجانب hub50, Zahraa Al Maadi",30.0608164,31.3461014,"restaurant, fast_food, popular",other
Smothie Paradise,Cairo,"Al Abghiyah Street 9 , El Maktam, Sirah Ghaffnert",30.0608504,31.3459856,"juice, cafe, popular",other
Crepe Box,Cairo,"Value Mall, Shop No. 014 (Delivery Only), 1st Area, Al Shorouk",30.0607805,31.3461709,"restaurant, cafe, delivery, takeaway, budget",other
عم سمير بتاع الفطير,Cairo,,30.0626887,31.3457165,"bakery, cafe, family_friendly, local",other
الباشا كافيه,Cairo,"الحديقة الطفل, Al Mintaqah as Sādisah, Nasr City, Cairo Governorate 4450420, Egypt",30.0625955,31.3456242,"cafe, restaurant, cozy, family_friendly, local",other
Fetiret Dina Farms,Giza,"Lebanon Square, Giza, Al Jizah, EG",30.063121,31.3491457,"bakery, restaurant, popular",other
Second Cup Child's park,Giza,"Al Jizah, الشارع نادی الصيد",30.063128,31.3489217,"cafe, luxury, cozy",other
Casa di Gelato,Cairo,"Arabella Plaza, GUC- Arabella- West Arabella, New Cairo old",30.062968,31.3491202,"cafe, takeaway, delivery, family_friendly, cozy",other
Caizo,Cairo,"Degla Maadi, Maadi, Cairo",30.0630327,31.3487608,"restaurant, delivery, popular, fast_food, local",other
Samra Restaurant,Cairo,Mohandeseen 47 El Batal Ahmed Abdel Aziz St.,30.0613653,31.3493468,"restaurant, delivery, family_friendly, cozy",other
Porto,Oakland,"2323 82nd Ave suite 4 , Oakland CA 94605",29.9647114,31.2376934,"local, family_friendly, cozy",other
Sprinkles,Cairo,"Abbasiya, Cairo, Egypt",29.9654052,31.2396123,"restaurant, bakery, local",other
Afandina,Cairo,"Corniche El Nil, Corniche El Maadi, Maadi, Cairo Inside Maadi Island",29.9648716,31.2401809,"restaurant, delivery, outdoor_seating",other
Mocha Chino,Cairo,"14 Dr. El Mahrouky St., Mohandessin, Giza",29.9650559,31.2407658,"family_friendly, cozy, popular",other
Sport,Cairo,,29.9654388,31.2372911,"budget, local, popular",activities
El Rifi Restaurant,New Cairo,"5A by the Waterway Developments Marassi Marina Seasons, New Cairo #20",29.9656,31.2391938,"restaurant, popular, local",other
Italiano,Cairo,"19 Youssef El-Gendy, Bab Al Louq, Abdeen, Egypt",29.9639402,31.2386163,"restaurant, popular, local",other
Italian Restaurant,Cairo,"Park St. Zayed, Cairo, Egypt",29.9644082,31.238296,"restaurant, cozy, family_friendly",other
Afandina,Cairo,"Corniche El Nil, Corniche El Maadi, Maadi, Cairo Inside Maadi Island",29.9649852,31.240107,"restaurant, local, family_friendly, cozy, popular",other
Xpressu Restaurant And Cafe,Cairo,"Cairo, Egypt",30.0986304,31.3202409,"restaurant, cafe, family_friendly",other
Mucho Cafe,Cairo,"Cairo, Egypt",30.0980614,31.3190704,"cafe, cozy, local",other
Starbucks,Cairo,"Nehro Street, Cairo, Egypt",30.0983464,31.3198712,"cafe, cozy, popular",other
Andrea,Cairo,"Corniche El Nil, Corniche El Maadi, Maadi, Cairo.",30.0986143,31.3196539,"restaurant, cafe, fast_food, budget",other
Esperanto Restaurant And Cafe,Cairo,"Cairo, Egypt",30.0988146,31.3188681,"cafe, restaurant, popular",other
Classic Rock Coffee,Cairo,Gamal Abd El Nasser St,30.0986036,31.3188057,"cafe, takeaway, popular",other
La Poire,Cairo,"27 Abd El-Khalik Tharwat, Al Fawalah, Abdeen, Cairo Governorate 11311, Egypt",30.0438938,31.2021357,"cafe, bakery, cozy",other
Laduree Paris,Cairo,"Mall of Egypt, New Cairo, Egypt",29.9784428,31.1247793,"bakery, cafe, luxury, touristic",other
The King Khufu Center,Giza,"X4HF+8P, Nazlet El-Semman, Al Haram, Giza Governorate 12512",29.9784016,31.1238792,"restaurant, outdoor_seating, luxury, touristic",other
Hardee's,Giza,"Vista 6th OF OCTOBER, GIZA, Juhaina Sq., Inside Mall Of Arabia, Gate 23, Food Court",29.9580325,31.0636064,"restaurant, fast_food, budget",other
Dunkin' Donuts,Cairo,"All Season Mall, القطاع الرابع-مشروع مدينتي",29.9579504,31.0632841,"cafe, bakery, family_friendly",other
Al Shaf3y,Cairo,"Cairo, Egypt",30.068336,31.2027801,"restaurant, fast_food, delivery, takeaway, local",other
Horus Cafeteria,Damietta,"Horus University, New Damietta, Egypt",29.9969468,31.2176122,"cafe, restaurant, local",other
Apache Chicken,Cairo,"9 El Alfy St., Downtown, Cairo In Front Of Akher Saa Restaurants",30.0988287,31.3065892,"restaurant, fast_food, delivery, takeaway, popular",other
Starbucks,Cairo,"Nehro Street, Cairo, Egypt",30.0988172,31.3067898,"cafe, cozy, popular, family_friendly",other
Pastaweesy,Cairo,Abdeen Palace Garden,30.0987379,31.3069379,"restaurant, fast_food, budget, takeaway",other
Ezz El Menoufy,Cairo,"Rd., District 11,Inside City Walk Strip 6th OF OCTOBER, GIZA  2 Iran St. DOKKI, GIZA  El Daght El Aaly St., Zone T,Inside Ahram Mall EL HARAM, GIZA",30.0986164,31.3072405,"restaurant, budget, family_friendly, local",other
Mercato,Suez,"Porto Marina El Alamein Rd, Porto Marina Porto Sokhna Ain Sokhna Road",30.0984526,31.3073721,"restaurant, cafe, cozy, family_friendly, delivery",other
Hourani Fish,Giza,"El Nozha St.,Inside El Rayhana Plaza Center 6th OF OCTOBER, GIZA",30.0981376,31.307152,"restaurant, takeaway, delivery, family_friendly",other
Treats 'N Eats,Cairo,"Tahra Palace Park Beside Saray El Kobba Central and Metro Station, El Qobba Palace, Heliopolis",30.0984591,31.3064045,"restaurant, cafe, local",other
Bazooka,Cairo,"20 Samir Abdel Raouf St., Extension of Makram Ebeid, Next to El Serag Mall (Nasr City)",30.0986803,31.306365,"fast_food, restaurant, family_friendly, budget",other
Nile Cafeteria,Cairo,"Located directly on the Nile (500 meters after you pass by HSBC building on the right hand side, directly on the Nile) as you enter Maadi",29.9297803,31.2807229,"cafe, restaurant, popular, local",other
Nile Cafeteria,Cairo,"Located directly on the Nile (500 meters after you pass by HSBC building on the right hand side, directly on the Nile) as you enter Maadi",29.9298305,31.280287,"cafe, cozy, popular, local",other
Nile Cafeteria,Cairo,"Located directly on the Nile (500 meters after you pass by HSBC building on the right hand side, directly on the Nile) as you enter Maadi",29.9301518,31.2802205,"cafe, popular, touristic",other
Prince Cafe,Cairo,"South 90 St 5th Settlement, New Cairo City, Egypt",30.0517803,31.3261703,"cafe, restaurant, cozy",other
Cinnabon,Cairo,"El Nasr Rd., Intersection Of Cairo Suez Rd., Inside City Centre Almaza, 1st Floor, Food Court HELIOPOLIS, CAIRO",30.0630635,31.3491898,"bakery, cafe, takeaway, family_friendly, popular",other
Sushi & co,Cairo,"Park View, Ahmed Fakhry, Nasr City, Cairo, Egypt",30.0629205,31.349125,"restaurant, takeaway, delivery",other
TBS - The Bakery Shop,Cairo,"El Tesaeen El Shamaly St., El Safwa Compound, North Investors, New cairo, Cairo Inside White By The Waterway",30.0629727,31.3491821,"bakery, family_friendly, cozy, local, takeaway",other
KOHI,Cairo,,30.0629252,31.3491869,"cafe, cozy, popular",food_drink
Trianon Cafe,Cairo,"45 El Batal Ahmed Abdel Aziz Street, Apt. 703, Mohandessin 12411, Cairo, Egypt",30.040225,31.2638039,"cafe, restaurant, cozy, local, popular",other
هنا القاهرة,Cairo,"Airport Road, Amman, JO",30.0499648,31.2270966,"cozy, local, touristic",other
Lotus Cafeteria,Cairo,"Giza, Egypt",29.9978936,31.21808,"cafe, family_friendly, cozy, takeaway",other
Cleopatra Beach,Matrouh,"Cleopatra Beach, Mersa Matruh, Marsa Matrouh Governorate, Egypt",31.3738114,27.1906029,"family_friendly, romantic, touristic",outdoor
شارع اسكندرية. مرسي مطروح,Matrouh,"Matruh Governorate, Egypt",31.3551678,27.240173,"touristic, popular, local",outdoor
Love beach,South Sinai,"Na'ama Bay, Sharm El Sheikh, Egypt",31.3683209,27.2216747,"touristic, family_friendly, quiet, popular",relaxation
Nubian house,Luxor,"Al Bairat, Luxor, Luxor Governorate 1345173, Egypt",24.0810903,32.8875969,"restaurant, family_friendly, cozy, outdoor_seating",other
Aswan Moon,Aswan,"Aswan, Egypt",24.0903101,32.8949146,"restaurant, outdoor_seating, local, popular",other
Panorama,Aswan,"P O Box 62 Elephantine Island, 0, aswan, Egypt",24.0860309,32.8916496,"luxury, romantic, touristic, restaurant",other
El Dokka,Aswan,"Location Eissa Island, Aswan Egypt",24.0827001,32.884647,"cozy, family_friendly, popular, local",other
KFC,Cairo,"El Bitash St.,In Front Of Omar Effendi EL BITASH, ALEXANDRIA",24.0880896,32.8929262,"fast_food, family_friendly, budget, takeaway",food_drink
Nubian Dreams,Aswan,"Elephantine Island, Aswan, Egypt",24.0893649,32.890724,"restaurant, cafe, outdoor_seating, touristic, local",food_drink
Nubian House Coffee Shop,Luxor,"Location. Museum Luxor, Luxor Egypt",24.0857463,32.887112,"restaurant, local, touristic",food_drink
Pizza Biti,Aswan,"4W22+4PR, Abu AR Rish Qebli, Aswan, Aswan Governorate 1242871, Egypt",24.100329,32.9017787,"restaurant, fast_food, family_friendly, local",food_drink
Floating Restaurant - El Mabrouka,Cairo,,24.088374,32.8930888,"restaurant, touristic, local",food_drink
Eldethl,Sheikh Zayed City,"Sheikh Zayed City, Egypt",24.0910487,32.8977123,"restaurant, cafe, popular",food_drink
Makani,Aswan,"Imam Al Daaeri, Sheyakhah Oula, Qism Aswan",24.0856284,32.8907113,"bakery, cafe, family_friendly",food_drink
Koshary Alsafoa,Cairo,downtown Cairo,24.0988075,32.9012625,"restaurant, local, popular",food_drink
El Salam Restaurant,Gharbia,"30 Abu Helmous Street, the stadium area, Tanta  Al Gharbia , Egypt",24.098892,32.9015573,"restaurant, bakery, local",food_drink
Mahmut Falafel,Alexandria,"Alexandria, Egypt",24.0922616,32.8978365,"restaurant, budget, popular, local",food_drink
Eplis,Cairo,"Marassi, North Coast, Egypt",24.1324066,32.891612,"cafe, cozy, luxury",food_drink
Jambarika,Cairo,"Cairo, Egypt",24.0895718,32.8978032,"restaurant, popular, local",food_drink
فول وفلافل الونش,Cairo,,24.1014253,32.9019094,"local, budget, family_friendly",food_drink
El Shawesh,Alexandria,"El Shawesh, Alexandria, Egypt",24.0911723,32.8973521,"popular, local, touristic",entertainment
Aswan Plaza / Cilantro,Aswan,"Nile Corniche, Aswan, Egypt",24.097358,32.8983258,"restaurant, cafe, family_friendly",food_drink
Potato and Zlabaa,Cairo,,24.0919832,32.8964469,"restaurant, fast_food, local",food_drink
Koshary and Falafel Sandwiches,Cairo,Address not provided,24.0621209,32.8850625,"restaurant, budget, takeaway, popular, local",food_drink
Palestine,Cairo,"Nasr City, Cairo",24.0998065,32.9014806,"restaurant, local, family_friendly",food_drink
Mirabelle,South Sinai,"Nabq Bay, Egypt",24.0946389,32.8962805,"luxury, family_friendly, touristic, outdoor_seating",relaxation
Cheap Fish Restaurant,Cairo,,24.0903892,32.8995387,"restaurant, popular, local",food_drink
Ashri Toki,Cairo,"Madinaty Sports Club, Gate 6, Second New Cairo, Cairo Governorate 4771510, Egypt.",24.0907032,32.8915802,"restaurant, cozy, popular, family_friendly",food_drink
Baba Dooi,Cairo,"2 Al Borsa Al Gadida, Bab Al Louq, Abdeen, Cairo Governorate 4280150, Egypt",24.0943616,32.8915801,"restaurant, local, popular",food_drink
Local restaurant,Cairo,Near Cairo International Airport,24.0901468,32.8952171,"restaurant, local, popular",food_drink
Al masry,Aswan,"Aswan, Egypt",24.0927083,32.8987551,"restaurant, family_friendly, popular, local",food_drink
Chef Kahlil,Aswan,"Saad Zaghloul, Abu AR Rish Qebli",24.0985146,32.9015886,"restaurant, local, budget",food_drink
Rich Coffee,Cairo,17th of Talaat Harb Street,24.0900037,32.8950781,"cafe, historical_site, popular",food_drink
El Wensh,Cairo,El Shekh Zayed,24.1014135,32.9017634,"restaurant, delivery, popular, takeaway",food_drink
Falafel,Cairo,"53 Ibn El Nafees St., Intersection Of Hassan El Maamoun St., El Tayseer Medical Center Tower, Nasr city, Cairo, Egypt",23.9808867,32.8539651,"fast_food, budget, popular",other
Ismailia,Ismailia,"Km 54 - Ismailia-Suez Desert Road, Canal Road Intersection - Fayed - Inside the Coral Hotel",24.092523,32.899042,"restaurant, popular, local",food_drink
Abeer Restaurant,Aswan,Address not available,24.0991194,32.9007941,"restaurant, family_friendly, cozy, local",food_drink
Jambari Afendi,Aswan,Address not specified,24.0720701,32.8873274,"restaurant, local, popular",food_drink
Phosphorico Restaurant,Giza,"Ivory Business Park, Al Sheikh Zayed, Giza, Egypt.",24.1053175,32.9041197,"luxury, cozy, family_friendly",food_drink
Makka,Cairo,,24.0988808,32.9006439,"restaurant, local, budget",food_drink
Jamaica Guest House,Aswan,"Nubian dreams restaurant cafe, Sheyakhah Oula, Aswan 1, Aswan Governorate 81111",24.0894223,32.8910197,"local, popular, family_friendly",relaxation
Makka,Aswan,"24.0989422, 32.9007223, Egypt",24.0989422,32.9007223,"restaurant, local, popular",food_drink
King Jamaica Restaurant & Cafe,Aswan,"Elephantine Island, Aswan 81111 Egypt",24.0894069,32.8908624,"restaurant, family_friendly, popular",food_drink
Gamalat House,Luxor,"Near Habu temple, Al Bairat, West Bank, Luxor, Egypt",24.0597117,32.8625301,"luxury, touristic, cozy",other
Makani,South Sinai,"W89P+C96, طريق‍‍ السلام, خليج نعمة, Sharm El Sheikh 1, South Sinai Governorate 8761423, Egypt",24.0852998,32.8906005,"restaurant, cafe, delivery, popular",food_drink
Kana Kato Restaurant & cafe,Aswan,"Aswan, Egypt",24.0885437,32.8854316,"restaurant, local, touristic",food_drink
Seafood restaurant $,Cairo,Downtown,24.0722919,32.8874974,"cozy, local, touristic",food_drink
The African club restaurant and cafe,Cairo,"Makrem Ebeid Ext, Masaken Al Mohandesin, Cairo, Egypt",24.0631753,32.8854747,"restaurant, cafe, popular",food_drink
Soliah Restaurant,North Sinai,,24.0231607,32.8829807,"restaurant, family_friendly, budget, local",food_drink
Al Batanyoun Port parking,Sharqia,"Al Batanyoun Port, Sharqia, Egypt",24.0370488,32.8829133,"touristic, local, budget",activities
Negroni,Cairo,Heart of Heliopolis,23.9674109,32.8246018,"restaurant, cozy, popular",food_drink
KFC,Cairo,"El Bitash St.,In Front Of Omar Effendi EL BITASH, ALEXANDRIA  65 Safeya Zaghloul St. RAML STATION, ALEXANDRIA  20 Kaniset El Aqbat St.",24.0881264,32.8932372,"fast_food, family_friendly, takeaway, popular",other
Abu Al Hawa café,Aswan,"Aswan, Egypt",24.1343654,32.8807659,"cafe, touristic, family_friendly",food_drink
مطعم زبزو,Port Said,"77CW+HCJ, Port Fouad City, Port Said Governorate, EG",24.0853103,32.893404,"restaurant, budget, touristic, local",food_drink
كافي شوب الخان,Cairo,El,24.0849925,32.893542,"cafe, historical_site, local",food_drink
الجمهرية,Cairo,"7, berket el Ratl sq., El zaher, Cairo.",24.0787359,32.8954822,"fast_food, restaurant, takeaway, delivery",food_drink
Asywsy,Cairo,"23 Sad Al-aaly St, Malekah Tower Maadi",24.0616876,32.864415,"cafe, outdoor_seating, popular, local",food_drink
Kerma Restaurent,Cairo,Phone and Address,24.0625379,32.8639556,"luxury, cozy, restaurant",other
Dolty Kato,Aswan,"Nag Gharb siheil, Aswan 81526 (Egypt)",24.061108,32.8645564,"restaurant, cozy, family_friendly",food_drink
Sabahakato,Aswan,"3VQQ+6HW، شياخة أولى، قسم أسوان،, Aswan 1, Sheyakhah Oula, Aswan Governorate, EG",24.088382,32.8865153,"restaurant, family_friendly, touristic, local",food_drink
Nubawaidi,Hurghada,"Marina, Hurghada, Egypt",24.0880156,32.8853709,"restaurant, cafe, budget, cozy",food_drink
Aziza,Cairo,"6th Of October, Egypt",24.0863034,32.8870042,"restaurant, local, budget",food_drink
Nubian Cofe Coffee Shop,Luxor,"PJ88+RX9, Al Aqaletah, Luxor, Luxor Governorate 1341614, Egypt",24.0903646,32.8913727,"cozy, family_friendly, kid_friendly, quiet, touristic",food_drink
Sunset place,South Sinai,"Abu Heif Street, near El Fanar Beach, postal code 46619",24.0906393,32.8800791,"cafe, cozy, touristic",food_drink
Golden Cafe,Aswan,El,24.0750979,32.8855271,"cafe, cozy, family_friendly",food_drink
The View,Cairo,"29a Cornish El Nil, Maadi, 4211210, EG",24.1007258,32.9008258,"restaurant, popular, touristic",food_drink
Old nubian house,Aswan,"Philae aswan egypt, 81521, Egypt",24.0748127,32.8850976,"family_friendly, cozy, touristic, historical_site",other
Kayan,Cairo,"9 A Saray El Gezirah St., Inside Blue Nile Boat ZAMALEK, CAIRO",24.1086398,32.9001028,"cafe, restaurant, cozy",food_drink
Chinese Restaurant Xinyuezhong Canting,Cairo,Egypt,24.0823235,32.8898939,"restaurant, family_friendly, cozy",food_drink
Main Restaurant,Luxor,"27.8631794, 34.2968333",27.8631794,34.2968333,"restaurant, local, popular",food_drink
بست المغربي,Cairo,"5 El-Fishawi Street
Khan el-Khalili
Cairo, Egypt",28.2666915,33.6115365,"historical_site, cozy, touristic, family_friendly",food_drink
Fares,Sharm El Sheikh,"Sharm El Sheikh 2, South Sinai Governorate 8753231, Egypt",27.8663363,34.2933186,"restaurant, local, family_friendly",food_drink
El MASRIEN,South Sinai,"Sharm El Sheikh, Egypt",27.8658892,34.2937701,"restaurant, local, touristic",food_drink
Abo Ali,Sharqia,"8 E, El Ordoneya, Abdel Maqsoud Complex 10th OF RAMADAN, EL SHARKEYA",27.8855167,34.2998861,"restaurant, local, budget",food_drink
le cafe,Alexandria,"Smouha Club, Alexandria, Egypt",27.8719259,34.2989395,"cafe, cozy, family_friendly, takeaway",food_drink
Rayahen roastery,Cairo,118 Mustafa Al-Nahhas Street - next to the Crystal Furnace,27.8657067,34.2943627,"cozy, family_friendly, budget, local",food_drink
Sinai Star,South Sinai,"Al Quein, Sharm El Sheikh 2, South Sinai Governorate 8761130, Egypt",27.8656694,34.2939385,"restaurant, popular, local, budget",food_drink
Abo Ali 2,South Sinai,"Inside El Marwa Center, Shop No. 12, El Nour District, Sharm El Sheikh, Egypt",27.8637233,34.2980523,"restaurant, cafe, budget, local, popular",food_drink
Hatim Restaurant Suhraya,Cairo,"First Floor, Building No.36, Road No.206, Maadi, Cairo-11431, Egypt",27.8845197,34.2975997,"restaurant, family_friendly, local",food_drink
Bazzoka,Cairo,165 Nozha Street (Saint Fatima) - near Hejaz Square,28.2450231,33.6272568,"fast_food, popular, family_friendly, takeaway",food_drink
Eltabakh Restaurant,Cairo,"Cairo, Egypt",27.864627,34.2917837,"restaurant, budget, popular, local",food_drink
EsPresso,Cairo,"5th settlement, Downtown Mall Cairo",27.8645619,34.2918951,"cafe, popular, local",food_drink
Da Rosina,Egypt,B11 s i11 cs ;; i\f n na g e r,27.8655634,34.2951529,"popular, local, historical_site",food_drink
El Hossieny,South Sinai,"شارع ملك البحرين, شرم الشيخ, EG",27.8672094,34.2933227,"cozy, family_friendly, popular",food_drink
Brazilian Coffee Store,South Sinai,97 3bd El Salam 3aref st.,27.867461,34.2936999,"cafe, takeaway, delivery, popular, family_friendly",food_drink
Brazilian Coffee Store,Alexandria,"20 Salah Salem St.,In Front Of Alex Bank EL MANSHEYA, ALEXANDRIA",27.8674471,34.2936868,"cafe, historical_site, popular, local",food_drink
Jewel of the Nil,Luxor,"Al Rawda Al Sharifa, Luxor, Egypt",25.6867839,32.6364123,"restaurant, budget, family_friendly, touristic",food_drink
Lotus,Cairo,"Cairo, Egypt",25.691054,32.635064,"family_friendly, outdoor_seating, cozy",other
Tutti Frutti,Luxor,"Luxor, Egypt",25.6874599,32.6346703,"restaurant, popular, touristic",food_drink
Chez Omar / Egyptian Corner,Luxor,"الشارع يوسف حسن, الاقصر, EG",25.7019602,32.6437635,"restaurant, cafe, quiet",food_drink
Oum Hashim,Luxor,"OUM HASHIM RESTAURANT, Luxor",25.7022396,32.6439769,"restaurant, touristic, local, budget",food_drink
Coffee Shop Aal al‑Bayt,Luxor,,25.7016527,32.6431414,"cafe, local, popular",food_drink
McDonald's,Cairo,Al Sayed Al Marghany Street 110,25.6985459,32.6400857,"fast_food, family_friendly, popular, takeaway",other
Ali Baba Cafe,Cairo,,25.6981936,32.6395917,"cozy, popular, local",food_drink
Sibads,Red Sea,"Hurghada, Egypt",25.697345,32.6393623,"luxury, family_friendly, touristic",food_drink
Aboudi Restaurant,Luxor,"شارع معبد الكرنك، أمام مسجد سيدي ابوالالحاجص،, Luxor, Luxor Governorate, Egypt",25.6985836,32.6401539,"restaurant, cafe, romantic, popular, touristic",food_drink
Sofra,Giza,"20 El Nahda St., Dokki 12611, Giza, Egypt",25.6948929,32.6422607,"restaurant, cozy, historical_site",food_drink
Pizza Hut,Cairo,"1 Mohamed Mahmoud St., El Tahrir Sq. DOWNTOWN, CAIRO",25.6851144,32.6303241,"restaurant, takeaway, delivery, popular",food_drink
KFC,Alexandria,"El Bitash St.,In Front Of Omar Effendi EL BITASH, ALEXANDRIA",25.6850255,32.6300036,"fast_food, family_friendly, popular",food_drink
Elhaty Restaurant,Giza,"Nady El Seid St., Dokki, Giza Inside Egyptian Shooting Club, Gate 4",25.696583,32.6439375,"restaurant, takeaway, delivery",food_drink
Café Latte,Cairo,Cairo’s southern suburb of Maadi,25.6985239,32.6400151,"cafe, cozy, local",food_drink
African Cuisine Restaurant,Cairo,"Al Azhar Park, Shari‘ Salah Salem, Cairo, Egypt",25.7046954,32.6335257,"restaurant, touristic, cozy",food_drink
Pub 2000 Esquire,Luxor,Address not provided,25.6917114,32.6352441,"budget, family_friendly, local",food_drink
Blue Sky Restaurant,Luxor,,25.7020452,32.6332761,"restaurant, touristic, popular",food_drink
Abo Eltaher,Cairo,"308 A El Tharwa El Maadaneya St.,Gate 1 EL HARAM, GIZA",25.6958799,32.6417511,"bakery, family_friendly, local, cozy",food_drink
Desert Rose,Hurghada,"Hurghada, Egypt",25.7172119,32.6013218,"cozy, outdoor_seating, juice",food_drink
El Zaeem,Luxor,"47 Mohamed Mahmoud Street, Beside Radio Shack",25.694829,32.6399547,"restaurant, delivery, local",food_drink
بندق,Luxor,"Luxor City, Egypt",25.6936295,32.6394602,"budget, local, touristic",food_drink
Kam Thai,Luxor,,25.6866674,32.6350118,"restaurant, popular, local",food_drink
Nour el balad,Cairo,El Nil El Abyad St.,25.7172423,32.5957457,"bakery, restaurant, local",food_drink
Pizza Roma.it,Luxor,"St. Joseph Street, Elwamya, Luxor, Egypt",25.6884689,32.6346382,"restaurant, cozy, popular",food_drink
Quick pizza,Cairo,"Cairo, Egypt",25.6925802,32.6401146,"restaurant, family_friendly, budget",food_drink
Kher and Baraka restaurant,Cairo,"Location 4 El Sayeda Aaesha St., Cairo 11511 Egypt",25.7017363,32.6436201,"restaurant, family_friendly, local",food_drink
Panorama Restaurant & Coffee,Aswan,"P O Box 62 Elephantine Island, aswan, Egypt",25.7300187,32.6143532,"romantic, luxury, touristic",food_drink
El Fayrouz,Cairo,"Mostafa Kamel, Egypt",25.7052581,32.6315787,"restaurant, local, popular",food_drink
Abu el Hasan Shazly,Cairo,"El Guish Rd.,In Front Of Alex Engineering Club SABA PASHA, ALEXANDRIA",25.6953885,32.6420551,"popular, local, budget",other
Maratonga,Luxor,"Medinet Habu, El Bairat, Luxor, Westbank, Egypt",25.7182172,32.6023209,"restaurant, cozy, historical_site, family_friendly",food_drink
Banana Island,Luxor,"Al Bairat Algorf, Al Qarna, Luxor, Egypt",25.6860251,32.6218399,"touristic, cafe, family_friendly, outdoor_seating",activities
مطعم أحباب الحبيب,Port Fouad City,"77CW+HCJ, Port Fouad City, Port Said Governorate, EG",25.6956629,32.6420172,"restaurant, budget, local, fast_food",food_drink
Moaa,Luxor,,25.7150704,32.6493255,"popular, local, historical_site",activities
Oasis Palace,Luxor,"Luxor, Egypt",25.7050079,32.6438871,"restaurant, cafe, popular",food_drink
Abo Ashraf,Alexandria,"Suez Canal St.,In Front Of Police Hospital DOWNTOWN, ALEXANDRIA  30 Safar Pasha St. EL GOMROK, ALEXANDRIA  Km 82.5,Inside Zahran City Park, 2nd Floor ALEX. MATROUH DESERT RD., North Coast",25.6976647,32.6430015,"restaurant, delivery, family_friendly, local",food_drink
elhareef grills,Cairo,"30 Matareya Street, the end of Nasouh Street",25.6900024,32.6408902,"restaurant, local, takeaway",food_drink
Alaa el Din,Cairo,"57 Saqr Qoraish Bldgs. El Nasr St.,Near To Radisson Blu Hotel - Cairo Heliopolis HELIOPOLIS, CAIRO",25.6994016,32.6411458,"restaurant, delivery, family_friendly",food_drink
Crocodile,Luxor,"شارع مساكن المساحة, الاقصر, EG",25.7033308,32.6331176,"restaurant, popular, local",food_drink
Al-Sahaby Lane,Luxor,"Nefertiti Hotel, El Sahabi Street, via Karnak Temple St, Luxor, Egypt",25.7024206,32.6427341,"restaurant, popular, touristic, local",food_drink
Jamboree Restaurant,Luxor,"middle of the old Luxor market, next to the Luxor Temple.",25.7011892,32.6426272,"restaurant, touristic, historical_site",food_drink
Al-Sahaby Lane Restaurant,Luxor,"Al-Sahaby Street, Luxor City, Luxor, Luxor Governorate 85951, Egypt",25.7015002,32.642333,"restaurant, outdoor_seating, delivery, family_friendly",food_drink
Sunflower Restaurant,Luxor,"Al Baairat Village, Luxor, Egypt",25.7030792,32.6334097,"restaurant, touristic, local",food_drink
Street food with tables. 5egp for 1 falafel sandwich,Cairo,"Imbaba, Cairo, Egypt",25.6960086,32.6425795,"local, budget, takeaway, outdoor_seating",food_drink
El Zaeem Restaurant,Luxor,"Youssef Hassan St., LUXOR, Luxor, Luxor in Front Of Lotus mall",25.7014565,32.643919,"restaurant, local, touristic",food_drink
Peace Abou Zeid,Luxor,,25.7108749,32.645977,"restaurant, family_friendly, local",food_drink
Shababik Luxor Cafe -كافيه شبابيك الأقصر,Luxor,"Luxor, Egypt",25.6867032,32.6349349,"cafe, cozy, family_friendly",food_drink
Aladdin‘s Kingdom Restaurant,Luxor,"El jorf, Luxor 00000 Egypt.",25.6862829,32.6214526,"restaurant, family_friendly, local, touristic",food_drink
Restaurant Mohammed,Cairo,"Mohammed Nagib Axis, 27011, Cairo, Al Qāhirah, Egypt",25.7225074,32.6046519,"restaurant, popular, local",food_drink
Al zaeem,Luxor,"Youssef Hassan St., LUXOR, Luxor, Luxor in Front Of Lotus mall",25.6945083,32.6356881,"restaurant, local, budget",food_drink
badia Café,Luxor,,25.6870891,32.6299487,"cafe, cozy, popular",food_drink
Koshari,Cairo,downtown Cairo,25.6986224,32.6414552,"restaurant, budget, popular, local, takeaway",food_drink
Sunflower Garden,Luxor,"Al Bairat, Luxor, Egypt",25.7056247,32.6321968,"restaurant, popular, local",food_drink
Gerda's Garden,Luxor,"Ali Ibn Abi Taleb, Gazirat Al Awameyah, Luxor, Luxor Governorate 1362130, Egypt",25.6916896,32.6364598,"cozy, romantic, outdoor_seating",food_drink
Marina,Matrouh,"Km 105, Alex Matrouh Desert Rd., Marina 3, Marina, North coast Inside Porto Marina Resort & Spa",25.7141281,32.6478525,"restaurant, luxury, outdoor_seating",food_drink
Local street food,Cairo,"Dokki, Cairo, Egypt",25.7055152,32.6336809,"fast_food, local, popular, budget",food_drink
Juice Bar,Cairo,"Phase 1, 2nd Floor Heliopolis",25.6981257,32.6422509,"cafe, bakery, restaurant",food_drink
THEBES Restaurant,Luxor,"Ramla, Luxor.",25.7019412,32.6332095,"restaurant, juice, outdoor_seating",food_drink
Al Ramsseum,Luxor,"West Bank Qurna, near the Ramesseum, Luxor, Egypt",25.7289528,32.6121196,"restaurant, cafe, juice, outdoor_seating, touristic",food_drink
El Sayeda Zainab Restaurant,Luxor,"Al Baairat Village, Egypt",25.7092195,32.6312569,"restaurant, local, touristic",food_drink
El Kababgy,South Sinai,"Naama Bay 46619, South Sinai, Egypt",25.6967102,32.6360606,"restaurant, luxury, local, touristic",food_drink
Good cheap falafel,Cairo,"Cairo, Egypt",25.6941226,32.6397749,"fast_food, budget, popular",food_drink
Good cheap vegetarian street food,Cairo,Address not provided,25.6944096,32.6397348,"budget, fast_food, local, takeaway",other
Good cheap vegetarian fast food,Cairo,"Downtown Cairo, Egypt",25.6944232,32.6394906,"restaurant, takeaway, local",food_drink
Good Arabic fast food,Cairo,6-October sheikh-zayed Mall of Arabia,25.6934044,32.6402001,"fast_food, delivery, popular, local",food_drink
The farmer's House,Cairo,,25.6868388,32.6222582,"historical_site, local, popular",culture
Snack Time,Qalyubia,,25.6986323,32.6402876,"fast_food, takeaway, budget, local",food_drink
El Hussein Restaurant,Luxor,"Luxor, Egypt",25.7058644,32.633175,"restaurant, local, touristic",food_drink
Alcaptain Restaurant,Cairo,"48 Gesr El Suez St., In Front Of Faculty Of Education, Cairo, Egypt",25.7000119,32.6321575,"restaurant, fast_food, budget, local",food_drink
Green Oasis,Cairo,"66 Omar El Khattab St. Heliopolis, Cairo, Egypt",25.7004732,32.630979,"restaurant, luxury, outdoor_seating",food_drink
Gerda's Garden,Luxor,"Ali Ibn Abi Taleb, Gazirat Al Awameyah, Luxor, Luxor Governorate 1362130, Egypt",25.6916774,32.6367125,"restaurant, cozy, romantic, outdoor_seating, popular",food_drink
Hotel El Gezira,Luxor,"Village of Geziret-el-Beirat near the river Nile, West Bank of the Nile, Luxor, Egypt",25.7050771,32.632831,"family_friendly, outdoor_seating, touristic",relaxation
Station Cafeteria,Cairo,"Cairo, Egypt",25.6965167,32.6447497,"cafe, historical_site, popular",food_drink
Mamma Mia,Luxor,,25.6885504,32.6344419,"restaurant, popular, touristic",food_drink
Ramses Restaurant & Cafe,Cairo,"1115 Nile Corniche, Cairo, Egypt",25.7180993,32.6022361,"luxury, romantic, restaurant",food_drink
Nile Rose Café Restaurant,Luxor,"البعيرات، الرمله, Egypt",25.6994094,32.6317498,"restaurant, cafe, quiet, cozy",food_drink
Wannas Art Cafe Vegetarian Restaurant,Luxor,,25.7046764,32.6325544,"restaurant, cafe, touristic, cozy",food_drink
Moon Cafe,Luxor,"Al Baairat Village, Egypt",25.7035565,32.6329136,"restaurant, cafe, touristic",food_drink
Nile Freedom,Luxor,,25.6999952,32.631807,"touristic, popular, restaurant",food_drink
Rmallah,Luxor,,25.6878977,32.6350381,"cafe, cozy, family_friendly, popular, local",food_drink
كافيه افندينا,Giza,"اللبيني هرم ٦شارع الشعراوي اعلى نفق اللبيني هرم امام رامبل جيم , Giza, Egypt",25.8980508,32.7202854,"cafe, cozy, local",food_drink
Rustic House,Luxor,,25.6961937,32.6288426,"budget, family_friendly, restaurant",food_drink
Mamlouk Tagine,Hurghada,"شارع المدارس, الغردقة, EG",25.7086339,32.6324282,"restaurant, cozy, popular",food_drink
Hekaya Restaurant,Cairo,"Gesr El Suez, Cairo, Egypt",25.7060233,32.6330468,"takeaway, fast_food, restaurant",food_drink
Temple View,Cairo,"29a Cornish El Nil, Maadi, 4211210, EG",25.7015038,32.6329068,"restaurant, local, popular",food_drink
Two Stories,Luxor,"Al Baairat Village, Egypt",25.7013473,32.6328215,"restaurant, cozy, local",food_drink
Mystic Pizza,Luxor,"25.701311, 32.6328062, Luxor, Egypt",25.701311,32.6328062,"restaurant, family_friendly, cozy",food_drink
Al Hassan,Giza,"12 Ahmed Kamel St, Corner of Omar Ibn El Khatab St.  Mohafzt Elgiza, Haram and Faisal",25.7052864,32.6332767,"restaurant, fast_food, takeaway",food_drink
Nile View,Cairo,"Nile City Towers 2005 B, Corniche El Nil, Ramlet Beaulac, 2466, CAIRO, Egypt",25.7053901,32.6335703,"restaurant, family_friendly, outdoor_seating",food_drink
Bil Hana Wa Shifa,Luxor,"Al Qarna Rd Al Bairat, Luxor, Egypt",25.7051797,32.6333544,"restaurant, family_friendly, touristic, local",food_drink
Shisha,Giza,"Grand Cafe, Giza, Egypt",25.7050116,32.6334533,"cozy, romantic, popular",food_drink
Nile Panorama,Luxor,"Luxor , West Bank , Albairat , Jorf, Luxor, Egypt",25.7100475,32.6393301,"restaurant, family_friendly, outdoor_seating, kid_friendly",other
Nubian House,Luxor,"Al Bairat, Luxor, Luxor Governorate 1345173, Egypt",25.6984302,32.6307716,"restaurant, family_friendly, local, touristic",food_drink
Tut Ankh Amoun,Luxor,"Al-Gezira West Bank, Luxor, Egypt",25.7027158,32.6337101,"restaurant, takeaway, touristic",food_drink
El Waha,Luxor,,25.7039702,32.633435,"restaurant, cafe, cozy, popular, local",food_drink
Abu Aya,Luxor,Not available,25.6973613,32.6292839,"restaurant, popular, local",food_drink
Nile Panorama,Luxor,"Luxor , West Bank , Albairat , Jorf, Luxor, Egypt",25.7048684,32.634068,"restaurant, family_friendly, kid_friendly, luxury",food_drink
Shisha,Giza,"Grand Cafe, Giza, Egypt",25.7047777,32.6335215,"cafe, romantic, cozy, budget, local",food_drink
Little Nile Beach,Luxor,"Al Baairat Village, Egypt",25.6987359,32.6309414,"restaurant, cozy, popular, local",food_drink
Al Moez,Cairo,"Khan El Khalili, Al Moez Street, Cairo, Egypt",25.7053268,32.633258,"historical_site, touristic, popular",culture
Le Gourmet,Giza,"Giza, Egypt",25.7018382,32.6318434,"bakery, cafe, family_friendly",food_drink
Jamba Juice,Alexandria,"Alexandria, Egypt",25.703025,32.6338275,"cafe, juice, takeaway",food_drink
Villa Sunrise Guest House,Red Sea,,25.701982,32.6332436,"luxury, cozy, family_friendly, touristic",other
West Bank Nile Palace,Luxor,,25.7018243,32.6330784,"restaurant, popular, touristic",food_drink
Rose of Al-Jorf,Cairo,"Obour City, Kaliobeya Rd. No. 30, 1st Industrial Zone",25.6930668,32.6221601,"bakery, restaurant, budget, popular",food_drink
Paris Restaurant,Cairo,,25.7182511,32.614708,"restaurant, family_friendly, budget, local",food_drink
Al Mina,Ismailia,Egypt شركة المينا فودز للصناعات الغذائية – الكيلو 82 طريق القاهرة الاسکندرية الزراعي,25.7099505,32.6389164,"bakery, local, family_friendly",food_drink
Sunset,Luxor,"Unnamed Road, Al Bairat, Al Qarna, Luxor Governorate 1345175, Egypt",25.7020095,32.6311802,"restaurant, romantic, touristic, family_friendly",food_drink
Arabia Cafeteria,Cairo,10 Ibrahim St. El Korba Sq. Beside Starbucks Cafe,25.6818977,32.635722,"cafe, restaurant, local",food_drink
Assad younan,Cairo,"r. el-Midan, 41",25.7007188,32.6490672,"restaurant, local, budget",food_drink
Karnak Stuff,Cairo,Villages Rd.,25.7185463,32.6523407,"cozy, family_friendly, budget",food_drink
Ghoreya Cafe,Cairo,2 El Mazloum St. Off Bab El Louq St. El Falaky Sq. in Front Of Italian Chamber Of Commerce In Egypt,25.7150666,32.6493268,"cafe, local, popular",food_drink
El Karnak,Cairo,48 ش مجلس الامة، الجزيرة الجديدة، عابدين، محافظة القاهرة‬، Egypt,25.7217086,32.6537935,"restaurant, local, popular",food_drink
Olives,Luxor,"Nile, Luxor",25.7297564,32.6566663,"restaurant, luxury, touristic, popular",food_drink
Genesis,Giza,"Giza, Egypt",25.7286603,32.6584963,"restaurant, outdoor_seating, touristic",food_drink
Gerda's Garden,Luxor,"Ali Ibn Abi Taleb, Gazirat Al Awameyah, Luxor, Luxor Governorate 1362130, Egypt",25.7292676,32.6589823,"restaurant, cozy, romantic, outdoor_seating, popular",food_drink
Gayer-Anderson Museum,Cairo,Salah al-Din Square  Saliba Street  Al-Darb al-Ahmar  Qasaba of Radwan Bey (Tentmakers' Street),30.0283804,31.2507258,"historical_site, touristic, local",culture
Galaxy,Cairo,"Abdulaziz Al Saud 67, Al Manyal Al Gharbi, EG",30.0175359,31.2231997,"family_friendly, kid_friendly, popular",entertainment
Gomhouria,Cairo,"23 ELSAWAH ST., CAIRO, EGYPT.",30.0460126,31.2463568,"touristic, family_friendly, popular",culture
Modern,Giza,"6th of October City, Giza Governorate, Egypt",30.1026337,31.2460576,"touristic, popular, local",culture
Masallat Al-Matareya,Cairo,,30.1294036,31.3074812,"historical_site, touristic, family_friendly",culture
Al-Zaeem,Giza,"47 Mohamed Mahmoud Street, Beside Radio Shack, Abdeen, Downtown",29.9948883,31.1616668,"restaurant, fast_food, delivery, local",food_drink
Bab Al-Nasr,Cairo,al-Gamaliya Street,30.0542304,31.2648995,"historical_site, touristic, popular",culture
Bab Al-Mazhareya,Cairo,Burg al-Zafar Street,30.0565166,31.2613649,"historical_site, touristic, local",culture
Roxy,Cairo,39 El Khalifa El Maamoun St. Beside Roxy Cinema,30.0934241,31.3156978,"restaurant, family_friendly, takeaway, budget",food_drink
Normandy,Cairo,Phone and Address,30.0922295,31.3221794,"family_friendly, touristic, outdoor_seating, popular",entertainment
City Center,Cairo,"Almaza City Center, Sheraton Al Matar, Qism El-Nozha",30.0683421,31.3446867,"family_friendly, budget, touristic",entertainment
Egyptian Geological Museum,Giza,"43 N Area, Ahmed Allam St, Pyramids Garden, Giza, Egypt",29.9961855,31.2287249,"historical_site, touristic, family_friendly",culture
falluka rides,Cairo,"downtown Cairo, Egypt",29.9569275,31.2505059,"historical_site, popular, touristic",activities
Zamalek Theater,Cairo,"13Shagaret El Dor St., Zamalek - Cairo",30.0615684,31.2189826,"family_friendly, budget, popular",entertainment
Serapheum,Cairo,"Saqqara, Egypt",29.8760471,31.2100388,"historical_site, touristic, popular",culture
Family Cinema,Cairo,Favourite Metro Cairo Cinema,29.9649299,31.2468754,"luxury, family_friendly, kid_friendly",entertainment
Masrah Negm,Cairo,"Cairo, Egypt",30.0385649,31.2108722,"family_friendly, touristic, popular",entertainment
Nilometer in Rhoda Island,Cairo,"Al-Fustat, Old Cairo, Egypt",30.0069316,31.2250004,"historical_site, touristic, quiet, local",culture
Wax museum,Helwan,"Suburb of Helwan, near Ain Helwan Metro station",29.8601958,31.3257085,"historical_site, touristic, family_friendly",culture
Om Kalthom Museum,Cairo,"Roda Island, Old Cairo, Egypt",30.0076221,31.2248842,"historical_site, touristic, local",culture
Mastaba of Meruduka,Giza,"Saqqara Necropolis, Giza Governorate, Egypt",29.8833055,31.2166617,"historical_site, touristic, popular, local",culture
Wissa Wassef Art Center,Harrania,"Sakara Road, Harrania, Al Labeini axis, Al Haraneyah, Giza Governorate 12556, Egypt.",29.9692025,31.176465,"touristic, historical_site, family_friendly, local",culture
Airport Opera Hall,Cairo,"Near El‑Tahrir Square in Zamalek, Cairo, Egypt",30.1181195,31.3917617,"historical_site, touristic, outdoor_seating",culture
Tombs of 3rd Dynasty,Sohag,"El Mahasna necropolis, Sohag Governorate, Egypt",29.8768204,31.2132845,"historical_site, touristic, quiet",culture
El-Hawari House,Cairo,"Behind Al Azhar Mosque, Cairo Governorate, Egypt",30.0443461,31.2633034,"historical_site, touristic, cultural",culture
Film Theatre,Cairo,Cairo Governorate,30.0513259,31.2330343,"popular, family_friendly, cozy",entertainment
Cairo Jazz Club,Giza,"First Al Sheikh Zayed, Giza Governorate 3242304, Egypt",30.0621268,31.2116073,"popular, touristic, local",culture
Cinema Tahrir,Giza,"122 El Tahrir, Al Doqqi, Giza",30.0391714,31.2145136,"family_friendly, popular, historical_site, touristic",entertainment
Sufi Dervish Dance,Cairo,"Wekalet El Ghouri Arts Center, Islamic Cairo, Cairo, Egypt",30.0457914,31.2609339,"touristic, popular, family_friendly",culture
بيوتى جيم للسيدات فقط,Cairo,NEW CAIRO,30.054511,31.1892965,"luxury, cozy, family_friendly",activities
Leo Gym,Cairo,"Cairo - New Cairo, Egypt",30.0187134,31.4224438,"family_friendly, popular, local",activities
Titans Gym,Cairo,"Tolip El-Narges Hotel & Spa, New Cairo, Cairo, Egypt",30.0169427,31.4313393,"family_friendly, luxury, local",activities
Cinema Lava,Cairo,"Arabella Plaza, Cairo, Egypt",30.0263224,31.4899538,"family_friendly, cozy, luxury, popular",entertainment
Egyptian Textile Museum,Cairo,"Al‑Moez Street, Cairo, Egypt",30.049967,31.2613757,"historical_site, touristic, family_friendly",culture
El Ghaba Sporting Club,Cairo,"Intersection of Dr. Ahmed Amin Street and Mohamed Shafik Street, behind Heliopolis Hospital, next to El Dawaa Hospital, Heliopolis, Cairo, Egypt.",30.1029396,31.3386946,"family_friendly, kid_friendly, local",entertainment
Talaat Harb Culture Center,Cairo,"Talaat Harb Street, Cairo, Egypt",30.0238453,31.2524145,"popular, local, touristic, historical_site",culture
Sultan lasheen sq,Cairo,Sultan Lasheen St,30.0364699,31.4753056,"touristic, outdoor_seating, popular",outdoor
Corniche of Mokattam,Cairo,Mokattam Road,30.0161162,31.2757109,"touristic, outdoor_seating, historical_site",activities
خان الخليلي و ش الحسين,Cairo,Historic Center of Cairo,30.047772,31.261014,"historical_site, touristic, local, popular",culture
7ay l 10,Cairo,"Nasr City, Cairo",30.0491881,31.3790205,"popular, local, touristic",other
5ma,Cairo,,30.0460752,31.441912,"local, popular, touristic",activities
Home,Cairo,"21,Hanna Khalil St.,Kolaly - Shoubra (Cairo)",30.0421271,31.2420527,"local, budget, popular",other
The two letters,Red Sea,,30.1495446,31.3998012,"luxury, touristic, quiet",relaxation
Essam,Esna,"Esna, Qena Governorate, Egypt",29.9929986,31.1886279,"historical_site, touristic, family_friendly",culture
تلة المقطم,Cairo,طريق المقطم,30.0146046,31.2766469,"historical_site, touristic, popular",culture
Villa Fouad Al-lakwah,Cairo,"327 Villa 327 , 1st settlement, new Cairo , Cairo , egypt.",30.0583179,31.4591248,"touristic, family_friendly, cozy",activities
Coffee shop meeting place,Cairo,Not specified,30.0479282,31.2615444,"cozy, local, popular",food_drink
Central Bank Club,Cairo,Cairo International Stadium,30.0324744,31.4804104,"popular, local, historical_site",entertainment
Messi Market,Cairo,"Cairo, Egypt",30.0466533,31.2172707,"local, popular, touristic",other
ميدان الإسماعيلية,Cairo,Omar Ibn Al Khatab Street 12,30.0964749,31.3345308,"touristic, popular, local",outdoor
ميدان سفير,Cairo,"Midan Tahrir, Cairo, Egypt",30.0977231,31.3384234,"touristic, historical_site, popular",activities
عمارة باناسونيك,Cairo,Address not specified,30.0935847,31.2363292,"local, popular, touristic",activities
metro banat,Giza,Masha'l district of Giza governate,30.0904104,31.3081285,"touristic, popular, local",activities
Reftrak Egypt Refrigeration Company,Ismailia,"Kilo 24 Misr Ismailia Desert Road, In front of El-Obour Custom Warehouse El-Obour City, Egypt",30.1389147,31.3968,"local, historical_site, touristic",other
Drs riada,Fayoum,,29.982908,31.1507764,"touristic, popular, local",activities
Dahi EL kobisi,Cairo,"30.0465511, 31.260363",30.0465511,31.260363,"historical_site, touristic, local",culture
آثار عين شمس . مدينة اون القديمة .,Cairo,,30.1260972,31.3192333,"historical_site, touristic, quiet",culture
بيت ايهاب,Cairo,"Al-Darb Al-Asfar neighborhood in Al-Gamaliyya, branching off golden Al-Muizz Street",29.9877088,31.2762305,"historical_site, touristic, local",culture
Point 90 Cinema,Cairo,"90th Street - Point 90 Mall, in front of the American University Gate 5 - New Cairo",30.0201933,31.4943776,"popular, family_friendly, local",entertainment
Elite Center,Cairo,"New Capital City, Egypt",30.060006,31.349513,"luxury, popular, touristic",other
نسرين,Cairo,"Cairo, Egypt",30.0680542,31.3686849,"touristic, historical_site, popular, local",activities
سينما بيت العز,Cairo,"Mall of Egypt, Cairo Governorate, EG",30.1099807,31.3190353,"family_friendly, popular, cozy",entertainment
El-Shams Squach,Cairo,"Heliopolis, Egypt",30.1179153,31.361519,"popular, local, touristic",activities
منزل اسماعيل,Giza,,30.043608,31.1977483,"touristic, popular, local",culture
Carrefour MAADI,Cairo,"Maadi, Cairo, Egypt",29.9822264,31.3161741,"family_friendly, popular, local",other
الحى السادس مدينة نصر,Cairo,"Delta towers، Tower No.4, El-Nasr Rd, Al Manteqah as Sadesah, Nasr City, Cairo Governorate 11835, Egypt",30.0506511,31.3119196,"touristic, popular, local",activities
الحى السابع مدينة نصر,Cairo,"الحى السابع مدينة النصر Map - Cairo Governorate, Egypt - Mapcarta",30.0521637,31.3270502,"touristic, local, popular",activities
Tiba mall Cinema,Cairo,Tiba Mall - 75 El Nasr Street - Nasr City,30.0675204,31.3295391,"family_friendly, popular, cozy",entertainment
Fisher Boats,Alexandria,"Alexandria, Egypt",29.9982082,31.2254095,"local, popular, touristic, historical_site",activities
Fisher Boats,Alexandria,"Al Max, Alexandria, Egypt",29.9957645,31.2257365,"local, touristic, quiet",activities
توتال,Luxor,Entrance Gate & Ticket Office for Tutankhamun's Tomb,29.9952593,31.1632697,"historical_site, popular, touristic",culture
التبة,Cairo,"21,Hanna Khalil St.,Kolaly - Shoubra (Cairo)",30.0608498,31.3779325,"local, budget, popular",other
بداية طريق شبرا بنها الجديد,Cairo,,30.1496727,31.2577607,"historical_site, touristic, quiet, local",culture
New Cairo Convention Centre,Cairo,"2 El-Nasr Rd, Alestad, Qesm Than Madinet Nasr, Cairo Governorate",30.0164661,31.3882026,"touristic, popular, family_friendly",entertainment
Crossing to other side of str,Cairo,"30.093321, 31.3386382",30.093321,31.3386382,"historical_site, touristic, popular",culture
9D Cinema,Cairo,"90th Street - Point 90 Mall, in front of the American University Gate 5 - New Cairo",30.018479,31.4129939,"family_friendly, touristic, historical_site, popular",entertainment
Main Entrance Gate,Giza,"Main Entrance Gate, Giza Pyramids, Giza, Egypt",30.0169542,31.3897913,"historical_site, touristic, family_friendly",culture
Sobhy Hussein Mosque,Cairo,"Islamic Cairo, near Khan el-Khalili bazaar, Cairo, Egypt",30.0000041,31.3308456,"historical_site, quiet, touristic, family_friendly",culture
Leith ibn saud mosque,Cairo,"Southern portion of the City of the Dead, Cairo, Egypt",30.0076121,31.2577156,"historical_site, touristic, local",culture
Nastic,Cairo,Fifth Settlement,30.0158318,31.4230807,"popular, local, cozy",activities
نادى المحامين النهرى,Giza,Masha'l district of Giza governate,29.9907548,31.2283862,"touristic, family_friendly, popular",activities
miraj hall,Cairo,"Downtown New Administrative Capital, Tourist Towers Strip, Bin Zayed North Axis, Egypt",29.9559813,31.153332,"luxury, cozy, touristic",entertainment
Metro Cinema,Cairo,35 Talaat Harb,30.0515672,31.241306,"luxury, historical_site, touristic",entertainment
ميدان الساعة,Cairo,"21,Hanna Khalil St.,Kolaly - Shoubra (Cairo)",30.0107095,31.1760607,"local, budget, popular",other
Attar Art,New Cairo,"New Cairo, Egypt",29.9915813,31.4341179,"popular, local, touristic",culture
Hnaton Carpet School,Giza,"Saqqara, Egypt",29.8633751,31.2327498,"local, touristic, historical_site",culture
Elmanfy City,Giza,,29.974924,31.1558991,"touristic, historical_site, popular",activities
قيس عبه,Giza,,30.0187291,31.1924377,"historical_site, touristic, popular",activities
شارع الهرم اختصار,Giza,"شارع الهرم اختصار, Giza, Egypt",30.0036367,31.1857381,"touristic, local, cozy, popular",entertainment
Dok Dok Boating,Aswan,Just in front of Four Seasons Garden City,30.0367696,31.2289963,"family_friendly, outdoor_seating, touristic",activities
Sharia al Muizz Li Din Allah,Cairo,,30.0467278,31.2600713,"historical_site, touristic, popular",culture
سيدنا الحسين,Cairo,"near the Khan el-Khalili bazaar in Cairo, Egypt",30.0465867,31.2614212,"historical_site, popular, touristic",culture
السيدة نفيسه,Giza,"Giza, Egypt",30.019316,31.2510038,"historical_site, touristic, family_friendly",culture
Echo Club,Giza,"30.0590851, 31.2077712",30.0590851,31.2077712,"luxury, touristic, popular",entertainment
ashraf,Alexandria,Behind 69 El Nabawi El Mohandess St. - El Mandara Kibly,30.1294985,31.2741646,"local, popular, budget",other
Sinnari House,Cairo,"al-Nasseriya, al-Sayeda Zeinab, Cairo, Egypt",30.0329709,31.2427314,"historical_site, touristic, family_friendly",culture
Sinnari House,Cairo,dead-end of Monge alley,30.0480594,31.2374762,"historical_site, touristic, local",culture
Zamalek tree,Cairo,"Cairo, Egypt",30.0466497,31.2250489,"touristic, quiet, local",activities
Tersa Youth Center,Giza,,29.9666312,31.2098791,"kid_friendly, family_friendly, local",other
حديقه عباد الرحمن,Cairo,"Medieval Cairo, Egypt",30.0133768,31.3126343,"family_friendly, outdoor_seating, historical_site",outdoor
Anubieion,Cairo,"Memphite necropolis (Saqqara), near Cairo, Egypt",29.8751644,31.2230149,"historical_site, touristic, local",culture
شقة مصر نصر,Cairo,"Nasr City, Egypt",30.0457664,31.3464302,"family_friendly, local, popular",relaxation
قهوة شيشة مهندسين,Cairo,"21,Hanna Khalil St.,Kolaly - Shoubra (Cairo)",30.0617966,31.2040796,"cafe, cozy, family_friendly, local",food_drink
Big Screen,Cairo,Mall of Egypt,29.9871935,31.4401287,"touristic, popular, family_friendly",entertainment
Al Masar Art Gallery,Cairo,"Baehler’s Mansion, 157 b. 26 July St., Ground Floor, Zamalek, Cairo, Egypt",30.0594759,31.2242203,"touristic, local, popular",culture
هيئ تعاونيات البناء,Cairo,Egypt,30.050965,31.3469807,"popular, local, touristic",other
Cleopatra’s Museum,Cairo,"Tahrir Square, Cairo",29.9972735,31.217199,"historical_site, touristic, local",culture
مركز شباب المشابك,Cairo,,30.0140006,31.19605,"family_friendly, local, popular",activities
Masr 5614,Giza,"30.0617969, 31.3400787",30.0617969,31.3400787,"popular, local, touristic",other
Brezzer,Cairo,"6th of October City, Cairo,   Egypt",30.0614591,31.3400815,"restaurant, local, cozy",other
Contemporary Image Collective (CIC),Cairo,"2nd Floor, 27 Talaat Harb St., Downtown, Cairo",30.0498341,31.2403083,"touristic, local, family_friendly, quiet",culture
SWISS ARCHEOLOGICAL MUSEUM,Cairo,"Fustat, Old Cairo, Egypt",30.0621364,31.2239665,"historical_site, touristic, family_friendly",culture
local bazaar,Cairo,"Cairo, Egypt",30.0489115,31.252135,"historical_site, touristic, popular, local",culture
مركز شباب نزلة الاشطر,Giza,,29.9517731,31.2001367,"family_friendly, outdoor_seating, local",activities
Chan el-Chalili,Cairo,"Cairo, Egypt",30.0475461,31.2624073,"historical_site, touristic, local, popular",culture
The Digger Hub CfC,Cairo,"Cairo Festival City Mall, The Village, New Cairo, Cairo",30.0290423,31.409966,"family_friendly, kid_friendly, popular, local",entertainment
House of Kharazati,Cairo,"30.0521212, 31.2622164",30.0521212,31.2622164,"budget, restaurant, popular",activities
Studio Emad Eddin Foundation,Cairo,,30.0557471,31.244208,"popular, local, touristic",culture
Oriental weavers,Cairo,"Cairo, Egypt",30.1068908,31.3673902,"luxury, popular, touristic",culture
Dragon Island Park,Cairo,"Dragon Island – Cairo Lake, Gate 2, بجوار المتحف القومي للحضارة المصرية، الفسطاط",30.0101645,31.2540369,"family_friendly, kid_friendly, touristic",activities
Gamal Abdel Nasser Museum,Cairo,"Manshiyat al-Bakri, Heliopolis, Cairo",30.0865458,31.3106874,"historical_site, touristic, popular",culture
Adam Henein Museum,Giza,"Harraniya, Giza Governorate, Egypt",29.9719641,31.1751941,"historical_site, touristic, local, quiet",culture
Smart Gym,Cairo,"77 A ELNASR ST, 2ND FLOOR , NASR CITY.",30.0285607,31.4969876,"family_friendly, kid_friendly, popular",activities
National Military museum,Cairo,"Cairo Citadel, Cairo, Egypt",30.0309246,31.2625649,"historical_site, touristic, popular",culture
Sabil-Kuttab of Abdel Rahman Katkhuda,Cairo,"Al-Muizz Street, Islamic Cairo, Egypt",30.050709,31.261593,"historical_site, touristic, local, kid_friendly",culture
Ice skating,Cairo,"Sun City Mall Ice Rink, El-Nasr Road, Sheraton Al Matar, Qism El-Nozha, Cairo Governorate, Egypt",30.1032428,31.3867592,"family_friendly, kid_friendly, cafe, touristic",activities
Football,Cairo,"New Administrative Capital, Egypt",30.0074524,31.1982112,"touristic, family_friendly, popular",activities
Falak Art Gallery,Cairo,"7 Gamal El Din Abou El Mahasen Street, Garden City, Cairo",30.0371418,31.2331189,"cafe, cozy, local",culture
Diplo Community,Cairo,"Plot A1 in the R8 district, overlooking the Embassies District",29.9929531,31.4350383,"luxury, family_friendly, popular",other
giza pyramids view from afar,Giza,Giza Plateau,29.9391169,31.1648156,"cafe, touristic, historical_site",activities
giza pyramids view,Giza,"Giza Plateau, Giza, Egypt",29.9599529,31.151698,"historical_site, outdoor_seating, touristic",activities
Bayt al-Sinnari,Cairo,"al-Sayeda Zeinab, al-Nasseriya, Monge alley, Cairo, Egypt",30.0329644,31.2428189,"historical_site, culture, touristic",culture
Abdeen Palace Museum,Cairo,"Abdin Square, Downtown Cairo, Egypt",30.0434053,31.2478331,"historical_site, touristic, family_friendly",culture
Sadat's Museum,Alexandria,"Alexandria, Egypt",29.9981468,31.2169877,"historical_site, touristic, popular",culture
Egypt's Modern History Museum,Cairo,"Tahrir Square, Cairo, Egypt",29.9981468,31.2168924,"historical_site, touristic, popular",culture
Museum Of Pyramids Building,Giza,"Cairo–Alexandria Desert Road, Kafr Nassar, Al Haram, Giza Governorate 3513204, Egypt",29.998149,31.216811,"historical_site, touristic, family_friendly, popular",culture
Mummification Museum,Luxor,"Corniche, Luxor, Egypt",29.9981504,31.216728,"historical_site, touristic, local",culture
Coptic Museum,Cairo,"3 Mar Girgis, Old Cairo, Cairo Governorate, Egypt",29.9981511,31.2166442,"historical_site, local, touristic",culture
Napoleon's Museum,Cairo,The National Military Museum is located within the Cairo Citadel,29.9981525,31.2165645,"historical_site, touristic, family_friendly",culture
Inventors Museum,Giza,"Giza, Egypt",29.9981511,31.2164971,"historical_site, touristic, popular",culture
Islamic Museum,Cairo,"Port Said Road, Bab al-Khalq Square, Cairo Governatorate 11638, Egypt",29.9965532,31.218377,"historical_site, touristic, popular",culture
Tutankhamun's Tomb,Luxor,"East Valley of the Kings, Luxor, Egypt",29.9965582,31.2182907,"historical_site, touristic, popular",culture
Nasser's Museum,Cairo,"4 El-Khalifa El-Maamoun, Manshîyet el Bakri, Heliopolis, Cairo Governorate 4460022, Egypt",29.9965639,31.2182073,"historical_site, touristic, popular",culture
Ascent climbing gym,Giza,"Egypt - Eden Mall, Al Gazira, St, First Al Sheikh Zayed, Giza Governorate 12588",29.964411,31.2710215,"family_friendly, kid_friendly, cozy, popular",activities
Heritage Museum,Cairo,"Fustat, Old Cairo, Cairo, Egypt",29.9976227,31.2172423,"historical_site, touristic, popular",culture
Daily Life in Ancient Egypt's Museum,Cairo,"Fustat, Old Cairo, Egypt",29.9976041,31.217422,"historical_site, touristic, family_friendly, quiet",culture
CAIRO PICKLEBALL ACADEMY,Cairo,"We Met Sport Club, DIP 2, Maadi, Cairo, Egypt",29.9618813,31.2713873,"family_friendly, popular, local",entertainment
Amphitrion,Cairo,"30.0902838, 31.3202898",30.0902838,31.3202898,"historical_site, touristic, popular",culture
Pizza Hut,Alexandria,"Carrefour Mall Alexandria, Alexandria Desert Rd, Al Amaria First, Ground Floor",30.0590724,31.4882969,"restaurant, fast_food, delivery, popular, family_friendly",food_drink
KFC,Cairo,"Km 67, Quseir Marsa Alam Rd., Corraya bay, Marsa alam.",30.0590254,31.4882361,"fast_food, popular, budget",other
Tikka,Giza,"Extension Of 26Th Of July Spine, El Sheikh Zayed, 6th of october, Giza Inside Americana Plaza Mall",30.0589969,31.4901515,"restaurant, fast_food, takeaway, delivery",food_drink
Hardee's,Cairo,"City Mall OBOUR CITY, KALIOBEYA  19 El Corniche Rd.,Below Arous El Bahre Hotel DOWNTOWN, MARSA MATROUH  Km 57.5",30.0590782,31.4901351,"fast_food, takeaway, delivery, popular",food_drink
DUO,Cairo,,30.1038226,31.3486723,"restaurant, cafe, takeaway, delivery",food_drink
McDonalds,Cairo,Al Sayed Al Marghany Street 110,30.0172397,31.4322951,"fast_food, restaurant, popular",food_drink
Air Mall,Cairo,"Open Air Mall, Madinaty, Cairo, Egypt",30.1252244,31.4036663,"cafe, cozy, family_friendly, popular",other
Burger King,Cairo,"Ground Floor, Sky Mall, Cairo, Egypt",30.1114022,31.3960429,"fast_food, cafe, popular",food_drink
Basha,Cairo,"الحديقة الطفل, Al Mintaqah as Sādisah",30.1129466,31.3958879,"cafe, restaurant, cozy, family_friendly, local",food_drink
Deals,Cairo,"Al Badrashayn, Egypt",30.0923047,31.3265367,"popular, budget, touristic",entertainment
KFC,Cairo,,30.0688081,31.3557797,"restaurant, fast_food, takeaway",food_drink
Costa Cafe,Giza,"  20 El Gazaeir St., Gameat El Dewal El Arabia, Mohandessin, Tel: 33047655",30.0688572,31.355678,"cafe, popular, restaurant",food_drink
Ace Club,Cairo,,29.9599667,31.2710935,"family_friendly, budget, cozy, outdoor_seating",entertainment
Salama Foul & Taameya,Cairo,,30.1383517,31.3075321,"restaurant, budget, local, popular",food_drink
Mandarin Queider,Cairo,"El Orouba St., 2nd Industrial Zone B2, 10th Of Ramadan, El Sharkeya",30.0178254,31.4117862,"bakery, family_friendly, local",food_drink
Paul,Cairo,"38 Geziret El Arab St., Mohandesin, Mohandessin",30.0167337,31.4129048,"bakery, cafe, family_friendly",food_drink
Starbucks,Cairo,Porto Cairo Mall,30.0167303,31.4125208,"cafe, cozy, popular",food_drink
Cilantro Cafe,Cairo,"9 El Shaheed Sayed Zakareya St., HELIOPOLIS, CAIRO",30.0172577,31.4122792,"cafe, family_friendly, cozy, popular",food_drink
Aroma,Suez,"Ain Sokhna, Egypt",30.0172522,31.4117789,"luxury, family_friendly, touristic",relaxation
Mori Sushi,Cairo,"24 Abdel Moniem Hafez St., Almaza, Cairo, Heliopolis-and-Nasr-City",30.0173206,31.4117789,"restaurant, cozy, delivery",food_drink
Buffalo Burger,Cairo,"Town Mall, Bldg. S1, Ground Floor NEW CAIRO, CAIRO",30.0174001,31.4117789,"restaurant, fast_food, delivery",food_drink
Hamada Sheraton,Cairo,"Plot 100 Mogamaa El Bonouk St., Off El Tesaeen St.,Inside Silver Star Mall 2 NEW CAIRO, CAIRO",30.1082518,31.3751497,"restaurant, local, fast_food",food_drink
Al-Lu'lu'a,Cairo,"Laketown Mall, New Cairo, Egypt",30.1237438,31.3703752,"cafe, cozy, family_friendly",food_drink
Al-Shams,Cairo,"8 Ghaleb Hammouda Al Otaibi, EL Nozha, EGYPT",30.1236705,31.3701212,"restaurant, family_friendly, local",food_drink
KFC,Cairo,"Old Commercial Market, Al rehab city, Cairo.",30.1261172,31.3704604,"fast_food, delivery, restaurant, popular",other
Pizza Hut,Cairo,"6th of October City (Dream Land, Mall of Egypt)",30.1261531,31.3705019,"restaurant, fast_food, takeaway",food_drink
Coffeeshop Company,Cairo,"Ring Rd.,Inside Cairo Festival City Mall NEW CAIRO",30.0537115,31.4307608,"cafe, cozy, family_friendly",food_drink
Cafe Supreme,Cairo,"Ground Floor OBOUR CITY, KALIOBEYA Km 105, Alex Matrouh Desert Rd., Marina 3, Beside Studio Misr Restaurant MARINA, North Coast [...]",30.0537115,31.4306264,"cafe, cozy, family_friendly, popular",food_drink
Mam's,Giza,,30.0537026,31.4312674,"restaurant, family_friendly, local",food_drink
Cortigiano,Cairo,14 Samir Mokhtar St,30.0535145,31.4310206,"restaurant, delivery, local",food_drink
Andrea Al Maryouteya,Giza,"New Giza Rd, First 6th of October, Giza Governorate 3293400, Egypt",30.0193909,31.4216881,"family_friendly, popular, local",food_drink
Shawarma Factory,Cairo,New Cairo,30.0195522,31.4217189,"fast_food, takeaway, delivery",food_drink
Prego,Cairo,"7 El Marwa Bldgs., Koleyet El Banat",30.0194164,31.4213342,"fast_food, restaurant, popular",food_drink
Square,Dahab,,30.0187754,31.4214945,"budget, restaurant, local",food_drink
Time Out,Giza,"21 Ahmed Orabi St., Mohandeseen, Giza",30.019131,31.4214172,"cafe, restaurant, local",food_drink
El Menoufy,Cairo,"67 El Nozha St.,In Front Of Mobil Gas Station HELIOPOLIS, CAIRO",30.0187502,31.4222633,"restaurant, fast_food, takeaway",food_drink
Einstein Cafe,Cairo,First round,30.0189174,31.4250149,"restaurant, cafe, local",food_drink
The Mood Cafe,Cairo,"46 Beirut st, Heliopolis , Al Qahirah, Cairo, Egypt, 11757.",30.0172185,31.4316755,"restaurant, cafe, local",food_drink
Subway,Cairo,"14 Rd. 218, In Front Of Egypt Duty Free Shops MAADI, CAIRO",30.0207735,31.4321642,"fast_food, takeaway, delivery",food_drink
Studio Misr Restaurant,Cairo,"El-Darb El-Ahmar, Al-Darb El-Ahmar, Cairo Governorate 4294010, Egypt",30.0260218,31.4900376,"restaurant, family_friendly, popular",food_drink
Coffeeshop Company,Cairo,"Ring Rd.,Inside Cairo Festival City Mall NEW CAIRO, CAIRO  Km 7",30.0260287,31.4897782,"cafe, restaurant, cozy",food_drink
Aroma Lounge,Cairo,Located inside Point 90 Mall in New Cairo,30.0262049,31.4895707,"restaurant, cafe, family_friendly",food_drink
Abou Shakra Restaurant,Cairo,,30.0260701,31.4897024,"restaurant, local, touristic",food_drink
Chili's Restaurant,Cairo,"Fourth Neighborhood Services Area, Plot 521, Ahmed Moharram Street, First",30.0260494,31.4895946,"restaurant, delivery, touristic",food_drink
Spectra tagamoaa,Giza,14 Abd El-Hameed Lotfy St.,30.0050804,31.4217863,"luxury, cozy, restaurant",food_drink
Coffeeshop Company,القاهرة,"Patio New Cairo 5th Settlement, 11341 Cairo, Egypt",30.1007715,31.3766192,"cafe, cozy, luxury",food_drink
Sobhy El Haty,Suez,"Sobhy Al Haty Restaurant, Gesr El Suez",30.1087053,31.3275994,"restaurant, quiet, cozy",food_drink
Kabab Shaker,Cairo,"44 Abdel Aziz Fahmy Street, Heliopolis Square, Heliopolis",30.1090561,31.3368171,"restaurant, takeaway, delivery",food_drink
The Smokery,Cairo,"Katameya Heights, Cairo",29.993201,31.414256,"restaurant, luxury, family_friendly",food_drink
Hot Bite,Cairo,,30.1046261,31.3498356,"restaurant, restaurant, restaurant",food_drink
Weinerwald,Red Sea,"Arabya Rd., Sekala, Hurghada.",30.1105751,31.3459667,"restaurant, family_friendly, budget",food_drink
Cilantro sun mall,Cairo,,30.1044514,31.3495286,"cafe, cozy, popular",food_drink
قهوة النخيل,Cairo,"Heliopolis, a residential district of Cairo",30.1241901,31.3701264,"cafe, fast_food, restaurant",food_drink
الشبراوي,Cairo,"Al Azhar Park, Shari‘ Salah Salem, Cairo, Egypt",30.1258787,31.3706368,"restaurant, luxury, popular",food_drink
Eladham,Cairo,,30.0038535,31.4234606,"cafe, restaurant, fast_food",food_drink
